eth_src_addr,eth_dst_addr,eth_prot,IP_vers,IHL,type_svc,tot_len,id,TTL,IP_prot,hdr_chksm,src_ip,dst_ip
1C-1B-0D-04-CE-0B,FF-FF-FF-FF-FF-FF,8,4,20,0,8961,51333,128,17,5167,192.168.1.158,192.168.1.255
1C-1B-0D-04-CE-0B,FF-FF-FF-FF-FF-FF,8,4,20,0,8961,52101,128,17,4399,192.168.1.158,192.168.1.255
10-4F-A8-F5-01-E6,01-00-5E-00-00-FB,8,4,20,0,17408,30177,255,17,61174,192.168.1.160,224.0.0.251
1C-1B-0D-04-CE-0B,FF-FF-FF-FF-FF-FF,8,4,20,0,8961,52357,128,17,4143,192.168.1.158,192.168.1.255
10-4F-A8-F5-01-E6,01-00-5E-00-00-FB,8,4,20,0,34561,4322,255,17,4341,192.168.1.160,224.0.0.251
1C-1B-0D-04-CE-0B,FF-FF-FF-FF-FF-FF,8,4,20,0,8961,52613,128,17,3887,192.168.1.158,192.168.1.255
10-4F-A8-F5-01-E6,01-00-5E-00-00-FB,8,4,20,0,34561,18146,255,17,56052,192.168.1.160,224.0.0.251
10-4F-A8-F5-01-E6,01-00-5E-00-00-FB,8,4,20,0,34561,24802,255,17,49396,192.168.1.160,224.0.0.251
1C-1B-0D-04-CE-0B,FF-FF-FF-FF-FF-FF,8,4,20,0,8961,52869,128,17,3631,192.168.1.158,192.168.1.255
10-4F-A8-F5-01-E6,01-00-5E-00-00-FB,8,4,20,0,35073,2019,255,17,6132,192.168.1.160,224.0.0.251
1C-1B-0D-04-CE-0B,FF-FF-FF-FF-FF-FF,8,4,20,0,8961,53125,128,17,3375,192.168.1.158,192.168.1.255
10-4F-A8-F5-01-E6,01-00-5E-00-00-FB,8,4,20,0,17408,37859,255,17,53492,192.168.1.160,224.0.0.251
10-4F-A8-F5-01-E6,01-00-5E-00-00-FB,8,4,20,0,35073,38115,255,17,35571,192.168.1.160,224.0.0.251
10-4F-A8-F5-01-E6,01-00-5E-00-00-FB,8,4,20,0,35073,39395,255,17,34291,192.168.1.160,224.0.0.251
10-4F-A8-F5-01-E6,01-00-5E-00-00-FB,8,4,20,0,42752,39651,255,17,26356,192.168.1.160,224.0.0.251
1C-1B-0D-04-CE-0B,FF-FF-FF-FF-FF-FF,8,4,20,0,8961,53381,128,17,3119,192.168.1.158,192.168.1.255
1C-1B-0D-04-CE-0B,FF-FF-FF-FF-FF-FF,8,4,20,0,8961,53637,128,17,2863,192.168.1.158,192.168.1.255
1C-1B-0D-04-CE-0B,FF-FF-FF-FF-FF-FF,8,4,20,0,8961,53893,128,17,2607,192.168.1.158,192.168.1.255
1C-1B-0D-04-CE-0B,FF-FF-FF-FF-FF-FF,8,4,20,0,8961,54149,128,17,2351,192.168.1.158,192.168.1.255
1C-1B-0D-04-CE-0B,FF-FF-FF-FF-FF-FF,8,4,20,0,8961,55429,128,17,1071,192.168.1.158,192.168.1.255
1C-1B-0D-04-CE-0B,FF-FF-FF-FF-FF-FF,8,4,20,0,8961,55685,128,17,815,192.168.1.158,192.168.1.255
1C-1B-0D-04-CE-0B,FF-FF-FF-FF-FF-FF,8,4,20,0,8961,55941,128,17,559,192.168.1.158,192.168.1.255
1C-1B-0D-04-CE-0B,FF-FF-FF-FF-FF-FF,8,4,20,0,8961,59013,128,17,63022,192.168.1.158,192.168.1.255
10-4F-A8-F5-01-E6,01-00-5E-00-00-FB,8,4,20,0,17408,27625,255,17,63726,192.168.1.160,224.0.0.251
10-4F-A8-F5-01-E6,01-00-5E-00-00-FB,8,4,20,0,35073,27881,255,17,45805,192.168.1.160,224.0.0.251
1C-1B-0D-04-CE-0B,FF-FF-FF-FF-FF-FF,8,4,20,0,8961,59269,128,17,62766,192.168.1.158,192.168.1.255
1C-1B-0D-04-CE-0B,FF-FF-FF-FF-FF-FF,8,4,20,0,8961,60805,128,17,61230,192.168.1.158,192.168.1.255
1C-1B-0D-04-CE-0B,FF-FF-FF-FF-FF-FF,8,4,20,0,8961,61061,128,17,60974,192.168.1.158,192.168.1.255
1C-1B-0D-04-CE-0B,FF-FF-FF-FF-FF-FF,8,4,20,0,8961,61317,128,17,60718,192.168.1.158,192.168.1.255
1C-1B-0D-04-CE-0B,FF-FF-FF-FF-FF-FF,8,4,20,0,8961,61573,128,17,60462,192.168.1.158,192.168.1.255
1C-1B-0D-04-CE-0B,FF-FF-FF-FF-FF-FF,8,4,20,0,8961,61829,128,17,60206,192.168.1.158,192.168.1.255
1C-1B-0D-04-CE-0B,FF-FF-FF-FF-FF-FF,8,4,20,0,8961,62597,128,17,59438,192.168.1.158,192.168.1.255
1C-1B-0D-04-CE-0B,FF-FF-FF-FF-FF-FF,8,4,20,0,8961,62853,128,17,59182,192.168.1.158,192.168.1.255
1C-1B-0D-04-CE-0B,FF-FF-FF-FF-FF-FF,8,4,20,0,8961,63109,128,17,58926,192.168.1.158,192.168.1.255
1C-1B-0D-04-CE-0B,FF-FF-FF-FF-FF-FF,8,4,20,0,8961,63365,128,17,58670,192.168.1.158,192.168.1.255
1C-1B-0D-04-CE-0B,FF-FF-FF-FF-FF-FF,8,4,20,0,8961,63621,128,17,58414,192.168.1.158,192.168.1.255
1C-1B-0D-04-CE-0B,FF-FF-FF-FF-FF-FF,8,4,20,0,8961,64389,128,17,57646,192.168.1.158,192.168.1.255
1C-1B-0D-04-CE-0B,FF-FF-FF-FF-FF-FF,8,4,20,0,8961,64645,128,17,57390,192.168.1.158,192.168.1.255
1C-1B-0D-04-CE-0B,FF-FF-FF-FF-FF-FF,8,4,20,0,8961,64901,128,17,57134,192.168.1.158,192.168.1.255
10-4F-A8-F5-01-E6,01-00-5E-00-00-FB,8,4,20,0,17408,57076,255,17,34275,192.168.1.160,224.0.0.251
10-4F-A8-F5-01-E6,01-00-5E-00-00-FB,8,4,20,0,35073,57332,255,17,16354,192.168.1.160,224.0.0.251
1C-1B-0D-04-CE-0B,FF-FF-FF-FF-FF-FF,8,4,20,0,8961,65413,128,17,56622,192.168.1.158,192.168.1.255
1C-1B-0D-04-CE-0B,FF-FF-FF-FF-FF-FF,8,4,20,0,8961,902,128,17,55598,192.168.1.158,192.168.1.255
1C-1B-0D-04-CE-0B,FF-FF-FF-FF-FF-FF,8,4,20,0,8961,1158,128,17,55342,192.168.1.158,192.168.1.255
1C-1B-0D-04-CE-0B,FF-FF-FF-FF-FF-FF,8,4,20,0,8961,1414,128,17,55086,192.168.1.158,192.168.1.255
1C-1B-0D-04-CE-0B,FF-FF-FF-FF-FF-FF,8,4,20,0,8961,1670,128,17,54830,192.168.1.158,192.168.1.255
1C-1B-0D-04-CE-0B,FF-FF-FF-FF-FF-FF,8,4,20,0,8961,2438,128,17,54062,192.168.1.158,192.168.1.255
1C-1B-0D-04-CE-0B,FF-FF-FF-FF-FF-FF,8,4,20,0,8961,2694,128,17,53806,192.168.1.158,192.168.1.255
1C-1B-0D-04-CE-0B,FF-FF-FF-FF-FF-FF,8,4,20,0,8961,2950,128,17,53550,192.168.1.158,192.168.1.255
1C-1B-0D-04-CE-0B,FF-FF-FF-FF-FF-FF,8,4,20,0,8961,3462,128,17,53038,192.168.1.158,192.168.1.255
1C-1B-0D-04-CE-0B,FF-FF-FF-FF-FF-FF,8,4,20,0,8961,4742,128,17,51758,192.168.1.158,192.168.1.255
B8-27-EB-6C-3D-87,20-C0-47-ED-6C-D2,8,4,20,0,15360,8495,64,17,38535,192.168.1.168,192.168.1.1
B8-27-EB-6C-3D-87,20-C0-47-ED-6C-D2,8,4,20,0,15360,8751,64,17,38279,192.168.1.168,192.168.1.1
20-C0-47-ED-6C-D2,B8-27-EB-6C-3D-87,8,4,20,0,19456,10759,64,17,32239,192.168.1.1,192.168.1.168
20-C0-47-ED-6C-D2,B8-27-EB-6C-3D-87,8,4,20,0,22528,58991,64,17,46470,192.168.1.1,192.168.1.168
B8-27-EB-6C-3D-87,20-C0-47-ED-6C-D2,8,4,20,0,21504,48164,64,1,24476,192.168.1.168,172.217.10.100
20-C0-47-ED-6C-D2,B8-27-EB-6C-3D-87,8,4,20,0,21504,0,56,1,7177,172.217.10.100,192.168.1.168
B8-27-EB-6C-3D-87,20-C0-47-ED-6C-D2,8,4,20,0,18688,9263,64,17,34439,192.168.1.168,192.168.1.1
20-C0-47-ED-6C-D2,B8-27-EB-6C-3D-87,8,4,20,0,28416,11527,64,17,22511,192.168.1.1,192.168.1.168
1C-1B-0D-04-CE-0B,FF-FF-FF-FF-FF-FF,8,4,20,0,8961,4998,128,17,51502,192.168.1.158,192.168.1.255
B8-27-EB-6C-3D-87,20-C0-47-ED-6C-D2,8,4,20,0,21504,61732,64,1,10908,192.168.1.168,172.217.10.100
20-C0-47-ED-6C-D2,B8-27-EB-6C-3D-87,8,4,20,0,21504,0,56,1,7177,172.217.10.100,192.168.1.168
1C-1B-0D-04-CE-0B,FF-FF-FF-FF-FF-FF,8,4,20,0,8961,5254,128,17,51246,192.168.1.158,192.168.1.255
B8-27-EB-6C-3D-87,20-C0-47-ED-6C-D2,8,4,20,0,21504,62244,64,1,10396,192.168.1.168,172.217.10.100
20-C0-47-ED-6C-D2,B8-27-EB-6C-3D-87,8,4,20,0,21504,0,56,1,7177,172.217.10.100,192.168.1.168
1C-1B-0D-04-CE-0B,FF-FF-FF-FF-FF-FF,8,4,20,0,8961,6022,128,17,50478,192.168.1.158,192.168.1.255
B8-27-EB-6C-3D-87,20-C0-47-ED-6C-D2,8,4,20,0,21504,19237,64,1,53403,192.168.1.168,172.217.10.100
20-C0-47-ED-6C-D2,B8-27-EB-6C-3D-87,8,4,20,0,21504,0,56,1,7177,172.217.10.100,192.168.1.168
1C-1B-0D-04-CE-0B,FF-FF-FF-FF-FF-FF,8,4,20,0,8961,6278,128,17,50222,192.168.1.158,192.168.1.255
B8-27-EB-6C-3D-87,20-C0-47-ED-6C-D2,8,4,20,0,21504,32293,64,1,40347,192.168.1.168,172.217.10.100
20-C0-47-ED-6C-D2,B8-27-EB-6C-3D-87,8,4,20,0,21504,0,56,1,7177,172.217.10.100,192.168.1.168
1C-1B-0D-04-CE-0B,FF-FF-FF-FF-FF-FF,8,4,20,0,8961,6534,128,17,49966,192.168.1.158,192.168.1.255
B8-27-EB-6C-3D-87,20-C0-47-ED-6C-D2,1544,0,0,1,8,1030,184,39,27883,61.135.192.168,1.168.0.0
B8-27-EB-6C-3D-87,20-C0-47-ED-6C-D2,8,4,20,0,21504,49445,64,1,23195,192.168.1.168,172.217.10.100
20-C0-47-ED-6C-D2,B8-27-EB-6C-3D-87,1544,0,0,1,8,1030,32,192,60743,108.210.192.168,1.1.184.39
20-C0-47-ED-6C-D2,B8-27-EB-6C-3D-87,8,4,20,0,21504,0,56,1,7177,172.217.10.100,192.168.1.168
1C-1B-0D-04-CE-0B,FF-FF-FF-FF-FF-FF,8,4,20,0,8961,6790,128,17,49710,192.168.1.158,192.168.1.255
B8-27-EB-6C-3D-87,20-C0-47-ED-6C-D2,8,4,20,0,21504,6694,64,1,411,192.168.1.168,172.217.10.100
20-C0-47-ED-6C-D2,B8-27-EB-6C-3D-87,8,4,20,0,21504,0,56,1,7177,172.217.10.100,192.168.1.168
1C-1B-0D-04-CE-0B,FF-FF-FF-FF-FF-FF,8,4,20,0,8961,7046,128,17,49454,192.168.1.158,192.168.1.255
1C-1B-0D-04-CE-0B,FF-FF-FF-FF-FF-FF,8,4,20,0,8961,7814,128,17,48686,192.168.1.158,192.168.1.255
1C-1B-0D-04-CE-0B,FF-FF-FF-FF-FF-FF,8,4,20,0,8961,8070,128,17,48430,192.168.1.158,192.168.1.255
B8-27-EB-6C-3D-87,20-C0-47-ED-6C-D2,8,4,20,0,15360,53808,64,17,58757,192.168.1.168,192.168.1.1
B8-27-EB-6C-3D-87,20-C0-47-ED-6C-D2,8,4,20,0,15360,54064,64,17,58501,192.168.1.168,192.168.1.1
20-C0-47-ED-6C-D2,B8-27-EB-6C-3D-87,8,4,20,0,19456,14449,64,17,28549,192.168.1.1,192.168.1.168
20-C0-47-ED-6C-D2,B8-27-EB-6C-3D-87,8,4,20,0,22528,63906,64,17,41555,192.168.1.1,192.168.1.168
B8-27-EB-6C-3D-87,20-C0-47-ED-6C-D2,8,4,20,0,15360,64201,64,6,13303,192.168.1.168,172.217.10.100
20-C0-47-ED-6C-D2,B8-27-EB-6C-3D-87,8,4,20,128,15360,31009,123,6,13732,172.217.10.100,192.168.1.168
B8-27-EB-6C-3D-87,20-C0-47-ED-6C-D2,8,4,20,0,13312,64457,64,6,15095,192.168.1.168,172.217.10.100
B8-27-EB-6C-3D-87,20-C0-47-ED-6C-D2,8,4,20,0,33280,64713,64,6,60406,192.168.1.168,172.217.10.100
20-C0-47-ED-6C-D2,B8-27-EB-6C-3D-87,8,4,20,128,13312,34081,123,6,12708,172.217.10.100,192.168.1.168
20-C0-47-ED-6C-D2,B8-27-EB-6C-3D-87,8,4,20,128,48645,36641,123,6,40350,172.217.10.100,192.168.1.168
B8-27-EB-6C-3D-87,20-C0-47-ED-6C-D2,8,4,20,0,13312,64969,64,6,14583,192.168.1.168,172.217.10.100
20-C0-47-ED-6C-D2,B8-27-EB-6C-3D-87,8,4,20,128,48645,36897,123,6,40094,172.217.10.100,192.168.1.168
B8-27-EB-6C-3D-87,20-C0-47-ED-6C-D2,8,4,20,0,13312,65225,64,6,14327,192.168.1.168,172.217.10.100
20-C0-47-ED-6C-D2,B8-27-EB-6C-3D-87,8,4,20,128,48645,37153,123,6,39838,172.217.10.100,192.168.1.168
B8-27-EB-6C-3D-87,20-C0-47-ED-6C-D2,8,4,20,0,13312,65481,64,6,14071,192.168.1.168,172.217.10.100
20-C0-47-ED-6C-D2,B8-27-EB-6C-3D-87,8,4,20,128,48645,37409,123,6,39582,172.217.10.100,192.168.1.168
B8-27-EB-6C-3D-87,20-C0-47-ED-6C-D2,8,4,20,0,13312,202,64,6,13815,192.168.1.168,172.217.10.100
20-C0-47-ED-6C-D2,B8-27-EB-6C-3D-87,8,4,20,128,48645,37665,123,6,39326,172.217.10.100,192.168.1.168
B8-27-EB-6C-3D-87,20-C0-47-ED-6C-D2,8,4,20,0,13312,458,64,6,13559,192.168.1.168,172.217.10.100
20-C0-47-ED-6C-D2,B8-27-EB-6C-3D-87,8,4,20,128,48645,37921,123,6,39070,172.217.10.100,192.168.1.168
B8-27-EB-6C-3D-87,20-C0-47-ED-6C-D2,8,4,20,0,13312,714,64,6,13303,192.168.1.168,172.217.10.100
20-C0-47-ED-6C-D2,B8-27-EB-6C-3D-87,8,4,20,128,48645,38433,123,6,38558,172.217.10.100,192.168.1.168
B8-27-EB-6C-3D-87,20-C0-47-ED-6C-D2,8,4,20,0,13312,970,64,6,13047,192.168.1.168,172.217.10.100
20-C0-47-ED-6C-D2,B8-27-EB-6C-3D-87,8,4,20,128,48645,38689,123,6,38302,172.217.10.100,192.168.1.168
B8-27-EB-6C-3D-87,20-C0-47-ED-6C-D2,8,4,20,0,13312,1226,64,6,12791,192.168.1.168,172.217.10.100
20-C0-47-ED-6C-D2,B8-27-EB-6C-3D-87,8,4,20,128,5635,38945,123,6,15521,172.217.10.100,192.168.1.168
B8-27-EB-6C-3D-87,20-C0-47-ED-6C-D2,8,4,20,0,13312,1482,64,6,12535,192.168.1.168,172.217.10.100
B8-27-EB-6C-3D-87,20-C0-47-ED-6C-D2,8,4,20,0,13312,1738,64,6,12279,192.168.1.168,172.217.10.100
20-C0-47-ED-6C-D2,B8-27-EB-6C-3D-87,8,4,20,128,5635,46113,123,6,8353,172.217.10.100,192.168.1.168
B8-27-EB-6C-3D-87,20-C0-47-ED-6C-D2,8,4,20,0,16384,1994,64,6,8951,192.168.1.168,172.217.10.100
20-C0-47-ED-6C-D2,B8-27-EB-6C-3D-87,8,4,20,128,13312,48161,123,6,64163,172.217.10.100,192.168.1.168
B8-27-EB-6C-3D-87,20-C0-47-ED-6C-D2,8,4,20,0,13312,2250,64,6,11767,192.168.1.168,172.217.10.100
1C-1B-0D-04-CE-0B,FF-FF-FF-FF-FF-FF,8,4,20,0,8961,8582,128,17,47918,192.168.1.158,192.168.1.255
1C-1B-0D-04-CE-0B,FF-FF-FF-FF-FF-FF,8,4,20,0,58624,9094,128,17,63278,192.168.1.158,192.168.1.255
1C-1B-0D-04-CE-0B,FF-FF-FF-FF-FF-FF,8,4,20,0,8961,10118,128,17,46382,192.168.1.158,192.168.1.255
1C-1B-0D-04-CE-0B,FF-FF-FF-FF-FF-FF,8,4,20,0,8961,10374,128,17,46126,192.168.1.158,192.168.1.255
1C-1B-0D-04-CE-0B,FF-FF-FF-FF-FF-FF,8,4,20,0,8961,11142,128,17,45358,192.168.1.158,192.168.1.255
1C-1B-0D-04-CE-0B,FF-FF-FF-FF-FF-FF,8,4,20,0,8961,12166,128,17,44334,192.168.1.158,192.168.1.255
20-C0-47-ED-6C-D2,01-00-5E-00-00-01,8,4,20,0,9216,13650,1,1,63877,192.168.1.1,224.0.0.1
10-4F-A8-F5-01-E6,01-00-5E-00-00-FB,8,4,20,0,17408,33270,255,17,58081,192.168.1.160,224.0.0.251
10-4F-A8-F5-01-E6,01-00-5E-00-00-FB,8,4,20,0,35073,33526,255,17,40160,192.168.1.160,224.0.0.251
1C-1B-0D-04-CE-0B,FF-FF-FF-FF-FF-FF,8,4,20,0,8961,12422,128,17,44078,192.168.1.158,192.168.1.255
1C-1B-0D-04-CE-0B,FF-FF-FF-FF-FF-FF,8,4,20,0,8961,12934,128,17,43566,192.168.1.158,192.168.1.255
1C-1B-0D-04-CE-0B,FF-FF-FF-FF-FF-FF,8,4,20,0,8961,13190,128,17,43310,192.168.1.158,192.168.1.255
1C-1B-0D-04-CE-0B,FF-FF-FF-FF-FF-FF,8,4,20,0,8961,13958,128,17,42542,192.168.1.158,192.168.1.255
1C-1B-0D-04-CE-0B,FF-FF-FF-FF-FF-FF,8,4,20,0,8961,14470,128,17,42030,192.168.1.158,192.168.1.255
1C-1B-0D-04-CE-0B,FF-FF-FF-FF-FF-FF,8,4,20,0,8961,14726,128,17,41774,192.168.1.158,192.168.1.255
1C-1B-0D-04-CE-0B,FF-FF-FF-FF-FF-FF,8,4,20,0,8961,14982,128,17,41518,192.168.1.158,192.168.1.255
1C-1B-0D-04-CE-0B,FF-FF-FF-FF-FF-FF,8,4,20,0,8961,15750,128,17,40750,192.168.1.158,192.168.1.255
1C-1B-0D-04-CE-0B,FF-FF-FF-FF-FF-FF,8,4,20,0,8961,16006,128,17,40494,192.168.1.158,192.168.1.255
1C-1B-0D-04-CE-0B,FF-FF-FF-FF-FF-FF,8,4,20,0,8961,16262,128,17,40238,192.168.1.158,192.168.1.255
B8-27-EB-6C-3D-87,20-C0-47-ED-6C-D2,8,4,20,0,15104,18999,64,17,28287,192.168.1.168,192.168.1.1
B8-27-EB-6C-3D-87,20-C0-47-ED-6C-D2,8,4,20,0,15104,19255,64,17,28031,192.168.1.168,192.168.1.1
20-C0-47-ED-6C-D2,B8-27-EB-6C-3D-87,8,4,20,0,19200,41843,64,17,1411,192.168.1.1,192.168.1.168
20-C0-47-ED-6C-D2,B8-27-EB-6C-3D-87,8,4,20,0,38144,39949,64,17,49896,192.168.1.1,192.168.1.168
B8-27-EB-6C-3D-87,20-C0-47-ED-6C-D2,8,4,20,0,15360,60025,64,6,41279,192.168.1.168,165.227.24.253
20-C0-47-ED-6C-D2,B8-27-EB-6C-3D-87,8,4,20,0,15360,0,56,6,35777,165.227.24.253,192.168.1.168
B8-27-EB-6C-3D-87,20-C0-47-ED-6C-D2,8,4,20,0,13312,60281,64,6,43071,192.168.1.168,165.227.24.253
B8-27-EB-6C-3D-87,20-C0-47-ED-6C-D2,8,4,20,0,33024,60537,64,6,23103,192.168.1.168,165.227.24.253
20-C0-47-ED-6C-D2,B8-27-EB-6C-3D-87,8,4,20,0,13312,18672,56,6,19153,165.227.24.253,192.168.1.168
20-C0-47-ED-6C-D2,B8-27-EB-6C-3D-87,8,4,20,0,13314,18928,56,6,18895,165.227.24.253,192.168.1.168
B8-27-EB-6C-3D-87,20-C0-47-ED-6C-D2,8,4,20,0,13312,60793,64,6,42559,192.168.1.168,165.227.24.253
B8-27-EB-6C-3D-87,20-C0-47-ED-6C-D2,8,4,20,0,13312,61049,64,6,42303,192.168.1.168,165.227.24.253
20-C0-47-ED-6C-D2,B8-27-EB-6C-3D-87,8,4,20,0,13312,19184,56,6,18641,165.227.24.253,192.168.1.168
B8-27-EB-6C-3D-87,20-C0-47-ED-6C-D2,8,4,20,0,13312,61305,64,6,42047,192.168.1.168,165.227.24.253
1C-1B-0D-04-CE-0B,FF-FF-FF-FF-FF-FF,8,4,20,0,8961,16518,128,17,39982,192.168.1.158,192.168.1.255
20-C0-47-ED-6C-D2,01-00-5E-00-00-01,8,4,24,192,9216,22597,1,2,4349,192.168.1.1,224.0.0.1
B8-27-EB-6C-3D-87,20-C0-47-ED-6C-D2,8,4,20,16,19456,60633,64,17,32452,192.168.1.168,96.8.121.205
20-C0-47-ED-6C-D2,B8-27-EB-6C-3D-87,8,4,20,40,19456,35792,52,17,51161,96.8.121.205,192.168.1.168
1C-1B-0D-04-CE-0B,FF-FF-FF-FF-FF-FF,8,4,20,0,8961,17542,128,17,38958,192.168.1.158,192.168.1.255
1C-1B-0D-04-CE-0B,FF-FF-FF-FF-FF-FF,8,4,20,0,8961,17798,128,17,38702,192.168.1.158,192.168.1.255
B8-27-EB-6C-3D-87,01-00-5E-00-00-16,8,4,24,192,10240,0,1,2,43329,192.168.1.168,224.0.0.22
1C-1B-0D-04-CE-0B,FF-FF-FF-FF-FF-FF,8,4,20,0,8961,18054,128,17,38446,192.168.1.158,192.168.1.255
1C-1B-0D-04-CE-0B,FF-FF-FF-FF-FF-FF,8,4,20,0,8961,18310,128,17,38190,192.168.1.158,192.168.1.255
1C-1B-0D-04-CE-0B,FF-FF-FF-FF-FF-FF,8,4,20,0,8961,18566,128,17,37934,192.168.1.158,192.168.1.255
1C-1B-0D-04-CE-0B,FF-FF-FF-FF-FF-FF,8,4,20,0,8961,19846,128,17,36654,192.168.1.158,192.168.1.255
1C-1B-0D-04-CE-0B,FF-FF-FF-FF-FF-FF,8,4,20,0,8961,20102,128,17,36398,192.168.1.158,192.168.1.255
1C-1B-0D-04-CE-0B,FF-FF-FF-FF-FF-FF,8,4,20,0,8961,20358,128,17,36142,192.168.1.158,192.168.1.255
1C-1B-0D-04-CE-0B,FF-FF-FF-FF-FF-FF,8,4,20,0,8961,21382,128,17,35118,192.168.1.158,192.168.1.255
1C-1B-0D-04-CE-0B,FF-FF-FF-FF-FF-FF,8,4,20,0,8961,21638,128,17,34862,192.168.1.158,192.168.1.255
1C-1B-0D-04-CE-0B,FF-FF-FF-FF-FF-FF,8,4,20,0,8961,22662,128,17,33838,192.168.1.158,192.168.1.255
1C-1B-0D-04-CE-0B,FF-FF-FF-FF-FF-FF,8,4,20,0,8961,23174,128,17,33326,192.168.1.158,192.168.1.255
1C-1B-0D-04-CE-0B,FF-FF-FF-FF-FF-FF,8,4,20,0,8961,23430,128,17,33070,192.168.1.158,192.168.1.255
1C-1B-0D-04-CE-0B,FF-FF-FF-FF-FF-FF,8,4,20,0,8961,23686,128,17,32814,192.168.1.158,192.168.1.255
B8-27-EB-6C-3D-87,20-C0-47-ED-6C-D2,8,4,20,0,15104,21052,64,17,26234,192.168.1.168,192.168.1.1
B8-27-EB-6C-3D-87,20-C0-47-ED-6C-D2,8,4,20,0,15104,21308,64,17,25978,192.168.1.168,192.168.1.1
20-C0-47-ED-6C-D2,B8-27-EB-6C-3D-87,8,4,20,0,19200,23625,64,17,19629,192.168.1.1,192.168.1.168
20-C0-47-ED-6C-D2,B8-27-EB-6C-3D-87,8,4,20,0,38144,24983,64,17,64862,192.168.1.1,192.168.1.168
B8-27-EB-6C-3D-87,20-C0-47-ED-6C-D2,8,4,20,0,15360,17048,64,6,18721,192.168.1.168,165.227.24.253
20-C0-47-ED-6C-D2,B8-27-EB-6C-3D-87,8,4,20,0,15360,0,56,6,35777,165.227.24.253,192.168.1.168
B8-27-EB-6C-3D-87,20-C0-47-ED-6C-D2,8,4,20,0,13312,17304,64,6,20513,192.168.1.168,165.227.24.253
B8-27-EB-6C-3D-87,20-C0-47-ED-6C-D2,8,4,20,0,14594,17560,64,6,18975,192.168.1.168,165.227.24.253
20-C0-47-ED-6C-D2,B8-27-EB-6C-3D-87,8,4,20,0,13312,52101,56,6,51259,165.227.24.253,192.168.1.168
20-C0-47-ED-6C-D2,B8-27-EB-6C-3D-87,8,4,20,0,56325,52357,56,6,7990,165.227.24.253,192.168.1.168
B8-27-EB-6C-3D-87,20-C0-47-ED-6C-D2,8,4,20,0,13312,17816,64,6,20001,192.168.1.168,165.227.24.253
20-C0-47-ED-6C-D2,B8-27-EB-6C-3D-87,8,4,20,0,56325,52613,56,6,7734,165.227.24.253,192.168.1.168
B8-27-EB-6C-3D-87,20-C0-47-ED-6C-D2,8,4,20,0,13312,18072,64,6,19745,192.168.1.168,165.227.24.253
20-C0-47-ED-6C-D2,B8-27-EB-6C-3D-87,8,4,20,0,45568,52869,56,6,18235,165.227.24.253,192.168.1.168
B8-27-EB-6C-3D-87,20-C0-47-ED-6C-D2,8,4,20,0,13312,18328,64,6,19489,192.168.1.168,165.227.24.253
B8-27-EB-6C-3D-87,20-C0-47-ED-6C-D2,8,4,20,0,45568,18584,64,6,52512,192.168.1.168,165.227.24.253
20-C0-47-ED-6C-D2,B8-27-EB-6C-3D-87,8,4,20,0,26368,53125,56,6,37179,165.227.24.253,192.168.1.168
B8-27-EB-6C-3D-87,20-C0-47-ED-6C-D2,8,4,20,0,40448,18840,64,6,57376,192.168.1.168,165.227.24.253
20-C0-47-ED-6C-D2,B8-27-EB-6C-3D-87,8,4,20,0,56325,53381,56,6,6966,165.227.24.253,192.168.1.168
20-C0-47-ED-6C-D2,B8-27-EB-6C-3D-87,8,4,20,0,56325,53637,56,6,6710,165.227.24.253,192.168.1.168
B8-27-EB-6C-3D-87,20-C0-47-ED-6C-D2,8,4,20,0,13312,19096,64,6,18721,192.168.1.168,165.227.24.253
20-C0-47-ED-6C-D2,B8-27-EB-6C-3D-87,8,4,20,0,57859,53893,56,6,4920,165.227.24.253,192.168.1.168
B8-27-EB-6C-3D-87,20-C0-47-ED-6C-D2,8,4,20,0,21248,19352,64,6,10529,192.168.1.168,165.227.24.253
B8-27-EB-6C-3D-87,20-C0-47-ED-6C-D2,8,4,20,0,13312,19608,64,6,18209,192.168.1.168,165.227.24.253
1C-1B-0D-04-CE-0B,FF-FF-FF-FF-FF-FF,8,4,20,0,8961,23942,128,17,32558,192.168.1.158,192.168.1.255
20-C0-47-ED-6C-D2,B8-27-EB-6C-3D-87,8,4,20,0,21248,54149,56,6,41275,165.227.24.253,192.168.1.168
B8-27-EB-6C-3D-87,20-C0-47-ED-6C-D2,8,4,20,0,10240,3065,64,6,37824,192.168.1.168,165.227.24.253
20-C0-47-ED-6C-D2,B8-27-EB-6C-3D-87,8,4,20,0,13312,54405,56,6,48955,165.227.24.253,192.168.1.168
B8-27-EB-6C-3D-87,20-C0-47-ED-6C-D2,8,4,20,0,10240,3321,64,6,37568,192.168.1.168,165.227.24.253
20-C0-47-ED-6C-D2,B8-27-EB-6C-3D-87,8,4,20,0,13312,54661,56,6,48699,165.227.24.253,192.168.1.168
B8-27-EB-6C-3D-87,20-C0-47-ED-6C-D2,8,4,20,0,10240,3577,64,6,37312,192.168.1.168,165.227.24.253
1C-1B-0D-04-CE-0B,FF-FF-FF-FF-FF-FF,8,4,20,0,8961,24454,128,17,32046,192.168.1.158,192.168.1.255
1C-1B-0D-04-CE-0B,FF-FF-FF-FF-FF-FF,8,4,20,0,8961,24966,128,17,31534,192.168.1.158,192.168.1.255
1C-1B-0D-04-CE-0B,FF-FF-FF-FF-FF-FF,8,4,20,0,8961,25222,128,17,31278,192.168.1.158,192.168.1.255
1C-1B-0D-04-CE-0B,FF-FF-FF-FF-FF-FF,8,4,20,0,8961,25478,128,17,31022,192.168.1.158,192.168.1.255
1C-1B-0D-04-CE-0B,FF-FF-FF-FF-FF-FF,8,4,20,0,8961,25990,128,17,30510,192.168.1.158,192.168.1.255
1C-1B-0D-04-CE-0B,FF-FF-FF-FF-FF-FF,8,4,20,0,8961,26246,128,17,30254,192.168.1.158,192.168.1.255
1C-1B-0D-04-CE-0B,FF-FF-FF-FF-FF-FF,8,4,20,0,8961,27014,128,17,29486,192.168.1.158,192.168.1.255
1C-1B-0D-04-CE-0B,FF-FF-FF-FF-FF-FF,8,4,20,0,8961,27526,128,17,28974,192.168.1.158,192.168.1.255
1C-1B-0D-04-CE-0B,FF-FF-FF-FF-FF-FF,8,4,20,0,8961,28038,128,17,28462,192.168.1.158,192.168.1.255
1C-1B-0D-04-CE-0B,FF-FF-FF-FF-FF-FF,8,4,20,0,8961,28294,128,17,28206,192.168.1.158,192.168.1.255
1C-1B-0D-04-CE-0B,FF-FF-FF-FF-FF-FF,8,4,20,0,8961,29062,128,17,27438,192.168.1.158,192.168.1.255
1C-1B-0D-04-CE-0B,FF-FF-FF-FF-FF-FF,8,4,20,0,8961,29318,128,17,27182,192.168.1.158,192.168.1.255
1C-1B-0D-04-CE-0B,FF-FF-FF-FF-FF-FF,8,4,20,0,8961,29574,128,17,26926,192.168.1.158,192.168.1.255
1C-1B-0D-04-CE-0B,FF-FF-FF-FF-FF-FF,8,4,20,0,8961,29830,128,17,26670,192.168.1.158,192.168.1.255
1C-1B-0D-04-CE-0B,FF-FF-FF-FF-FF-FF,8,4,20,0,8961,30086,128,17,26414,192.168.1.158,192.168.1.255
1C-1B-0D-04-CE-0B,FF-FF-FF-FF-FF-FF,8,4,20,0,8961,30854,128,17,25646,192.168.1.158,192.168.1.255
1C-1B-0D-04-CE-0B,FF-FF-FF-FF-FF-FF,8,4,20,0,8961,31110,128,17,25390,192.168.1.158,192.168.1.255
1C-1B-0D-04-CE-0B,FF-FF-FF-FF-FF-FF,8,4,20,0,8961,31366,128,17,25134,192.168.1.158,192.168.1.255
1C-1B-0D-04-CE-0B,FF-FF-FF-FF-FF-FF,8,4,20,0,8961,31622,128,17,24878,192.168.1.158,192.168.1.255
1C-1B-0D-04-CE-0B,FF-FF-FF-FF-FF-FF,8,4,20,0,8961,31878,128,17,24622,192.168.1.158,192.168.1.255
1C-1B-0D-04-CE-0B,FF-FF-FF-FF-FF-FF,8,4,20,0,8961,32646,128,17,23854,192.168.1.158,192.168.1.255
1C-1B-0D-04-CE-0B,FF-FF-FF-FF-FF-FF,8,4,20,0,8961,32902,128,17,23598,192.168.1.158,192.168.1.255
1C-1B-0D-04-CE-0B,FF-FF-FF-FF-FF-FF,8,4,20,0,8961,33158,128,17,23342,192.168.1.158,192.168.1.255
B8-27-EB-6C-3D-87,20-C0-47-ED-6C-D2,8,4,20,0,15104,36159,64,17,11127,192.168.1.168,192.168.1.1
B8-27-EB-6C-3D-87,20-C0-47-ED-6C-D2,8,4,20,0,15104,36415,64,17,10871,192.168.1.168,192.168.1.1
20-C0-47-ED-6C-D2,B8-27-EB-6C-3D-87,8,4,20,0,19200,4224,64,17,39030,192.168.1.1,192.168.1.168
20-C0-47-ED-6C-D2,B8-27-EB-6C-3D-87,8,4,20,0,38144,20048,64,17,4262,192.168.1.1,192.168.1.168
B8-27-EB-6C-3D-87,20-C0-47-ED-6C-D2,8,4,20,0,15360,9848,64,6,25921,192.168.1.168,165.227.24.253
20-C0-47-ED-6C-D2,B8-27-EB-6C-3D-87,8,4,20,0,15360,0,56,6,35777,165.227.24.253,192.168.1.168
B8-27-EB-6C-3D-87,20-C0-47-ED-6C-D2,8,4,20,0,13312,10104,64,6,27713,192.168.1.168,165.227.24.253
B8-27-EB-6C-3D-87,20-C0-47-ED-6C-D2,8,4,20,0,14594,10360,64,6,26175,192.168.1.168,165.227.24.253
20-C0-47-ED-6C-D2,B8-27-EB-6C-3D-87,8,4,20,0,13312,26525,56,6,11300,165.227.24.253,192.168.1.168
20-C0-47-ED-6C-D2,B8-27-EB-6C-3D-87,8,4,20,0,56325,26781,56,6,33566,165.227.24.253,192.168.1.168
B8-27-EB-6C-3D-87,20-C0-47-ED-6C-D2,8,4,20,0,13312,10616,64,6,27201,192.168.1.168,165.227.24.253
20-C0-47-ED-6C-D2,B8-27-EB-6C-3D-87,8,4,20,0,56325,27037,56,6,33310,165.227.24.253,192.168.1.168
B8-27-EB-6C-3D-87,20-C0-47-ED-6C-D2,8,4,20,0,13312,10872,64,6,26945,192.168.1.168,165.227.24.253
20-C0-47-ED-6C-D2,B8-27-EB-6C-3D-87,8,4,20,0,45568,27293,56,6,43811,165.227.24.253,192.168.1.168
B8-27-EB-6C-3D-87,20-C0-47-ED-6C-D2,8,4,20,0,13312,11128,64,6,26689,192.168.1.168,165.227.24.253
B8-27-EB-6C-3D-87,20-C0-47-ED-6C-D2,8,4,20,0,45568,11384,64,6,59712,192.168.1.168,165.227.24.253
20-C0-47-ED-6C-D2,B8-27-EB-6C-3D-87,8,4,20,0,26368,27549,56,6,62755,165.227.24.253,192.168.1.168
B8-27-EB-6C-3D-87,20-C0-47-ED-6C-D2,8,4,20,0,41728,11640,64,6,63296,192.168.1.168,165.227.24.253
20-C0-47-ED-6C-D2,B8-27-EB-6C-3D-87,8,4,20,0,31490,27805,56,6,57377,165.227.24.253,192.168.1.168
B8-27-EB-6C-3D-87,20-C0-47-ED-6C-D2,8,4,20,0,21248,11896,64,6,17985,192.168.1.168,165.227.24.253
B8-27-EB-6C-3D-87,20-C0-47-ED-6C-D2,8,4,20,0,13312,12152,64,6,25665,192.168.1.168,165.227.24.253
20-C0-47-ED-6C-D2,B8-27-EB-6C-3D-87,8,4,20,0,21248,28061,56,6,1828,165.227.24.253,192.168.1.168
B8-27-EB-6C-3D-87,20-C0-47-ED-6C-D2,8,4,20,0,10240,43261,64,6,63163,192.168.1.168,165.227.24.253
20-C0-47-ED-6C-D2,B8-27-EB-6C-3D-87,8,4,20,0,13312,28317,56,6,9508,165.227.24.253,192.168.1.168
B8-27-EB-6C-3D-87,20-C0-47-ED-6C-D2,8,4,20,0,10240,43517,64,6,62907,192.168.1.168,165.227.24.253
20-C0-47-ED-6C-D2,B8-27-EB-6C-3D-87,8,4,20,0,13312,28573,56,6,9252,165.227.24.253,192.168.1.168
B8-27-EB-6C-3D-87,20-C0-47-ED-6C-D2,8,4,20,0,10240,43773,64,6,62651,192.168.1.168,165.227.24.253
1C-1B-0D-04-CE-0B,FF-FF-FF-FF-FF-FF,8,4,20,0,8961,33670,128,17,22830,192.168.1.158,192.168.1.255
1C-1B-0D-04-CE-0B,FF-FF-FF-FF-FF-FF,8,4,20,0,8961,34438,128,17,22062,192.168.1.158,192.168.1.255
1C-1B-0D-04-CE-0B,FF-FF-FF-FF-FF-FF,8,4,20,0,8961,34694,128,17,21806,192.168.1.158,192.168.1.255
1C-1B-0D-04-CE-0B,FF-FF-FF-FF-FF-FF,8,4,20,0,8961,34950,128,17,21550,192.168.1.158,192.168.1.255
1C-1B-0D-04-CE-0B,FF-FF-FF-FF-FF-FF,8,4,20,0,8961,35206,128,17,21294,192.168.1.158,192.168.1.255
10-4F-A8-F5-01-E6,01-00-5E-00-00-FB,8,4,20,0,17408,46086,255,17,45265,192.168.1.160,224.0.0.251
10-4F-A8-F5-01-E6,01-00-5E-00-00-FB,8,4,20,0,35073,46342,255,17,27344,192.168.1.160,224.0.0.251
1C-1B-0D-04-CE-0B,FF-FF-FF-FF-FF-FF,8,4,20,0,8961,35462,128,17,21038,192.168.1.158,192.168.1.255
1C-1B-0D-04-CE-0B,FF-FF-FF-FF-FF-FF,8,4,20,0,8961,36230,128,17,20270,192.168.1.158,192.168.1.255
1C-1B-0D-04-CE-0B,FF-FF-FF-FF-FF-FF,8,4,20,0,8961,36486,128,17,20014,192.168.1.158,192.168.1.255
1C-1B-0D-04-CE-0B,FF-FF-FF-FF-FF-FF,8,4,20,0,8961,36742,128,17,19758,192.168.1.158,192.168.1.255
1C-1B-0D-04-CE-0B,FF-FF-FF-FF-FF-FF,8,4,20,0,8961,36998,128,17,19502,192.168.1.158,192.168.1.255
1C-1B-0D-04-CE-0B,FF-FF-FF-FF-FF-FF,8,4,20,0,8961,37254,128,17,19246,192.168.1.158,192.168.1.255
1C-1B-0D-04-CE-0B,FF-FF-FF-FF-FF-FF,8,4,20,0,8961,38022,128,17,18478,192.168.1.158,192.168.1.255
1C-1B-0D-04-CE-0B,FF-FF-FF-FF-FF-FF,8,4,20,0,8961,38278,128,17,18222,192.168.1.158,192.168.1.255
1C-1B-0D-04-CE-0B,FF-FF-FF-FF-FF-FF,8,4,20,0,8961,38790,128,17,17710,192.168.1.158,192.168.1.255
1C-1B-0D-04-CE-0B,FF-FF-FF-FF-FF-FF,8,4,20,0,8961,39046,128,17,17454,192.168.1.158,192.168.1.255
1C-1B-0D-04-CE-0B,FF-FF-FF-FF-FF-FF,8,4,20,0,8961,39302,128,17,17198,192.168.1.158,192.168.1.255
1C-1B-0D-04-CE-0B,FF-FF-FF-FF-FF-FF,8,4,20,0,8961,40070,128,17,16430,192.168.1.158,192.168.1.255
1C-1B-0D-04-CE-0B,FF-FF-FF-FF-FF-FF,8,4,20,0,8961,40326,128,17,16174,192.168.1.158,192.168.1.255
1C-1B-0D-04-CE-0B,FF-FF-FF-FF-FF-FF,8,4,20,0,8961,40582,128,17,15918,192.168.1.158,192.168.1.255
1C-1B-0D-04-CE-0B,FF-FF-FF-FF-FF-FF,8,4,20,0,8961,40838,128,17,15662,192.168.1.158,192.168.1.255
1C-1B-0D-04-CE-0B,FF-FF-FF-FF-FF-FF,8,4,20,0,8961,41862,128,17,14638,192.168.1.158,192.168.1.255
1C-1B-0D-04-CE-0B,FF-FF-FF-FF-FF-FF,8,4,20,0,8961,42118,128,17,14382,192.168.1.158,192.168.1.255
1C-1B-0D-04-CE-0B,FF-FF-FF-FF-FF-FF,8,4,20,0,8961,42374,128,17,14126,192.168.1.158,192.168.1.255
1C-1B-0D-04-CE-0B,FF-FF-FF-FF-FF-FF,8,4,20,0,8961,42886,128,17,13614,192.168.1.158,192.168.1.255
1C-1B-0D-04-CE-0B,FF-FF-FF-FF-FF-FF,8,4,20,0,8961,43142,128,17,13358,192.168.1.158,192.168.1.255
1C-1B-0D-04-CE-0B,FF-FF-FF-FF-FF-FF,8,4,20,0,8961,43910,128,17,12590,192.168.1.158,192.168.1.255
1C-1B-0D-04-CE-0B,FF-FF-FF-FF-FF-FF,8,4,20,0,8961,44422,128,17,12078,192.168.1.158,192.168.1.255
1C-1B-0D-04-CE-0B,FF-FF-FF-FF-FF-FF,8,4,20,0,8961,45446,128,17,11054,192.168.1.158,192.168.1.255
1C-1B-0D-04-CE-0B,FF-FF-FF-FF-FF-FF,8,4,20,0,8961,46470,128,17,10030,192.168.1.158,192.168.1.255
1C-1B-0D-04-CE-0B,FF-FF-FF-FF-FF-FF,8,4,20,0,8961,47238,128,17,9262,192.168.1.158,192.168.1.255
1C-1B-0D-04-CE-0B,FF-FF-FF-FF-FF-FF,8,4,20,0,8961,47494,128,17,9006,192.168.1.158,192.168.1.255
1C-1B-0D-04-CE-0B,FF-FF-FF-FF-FF-FF,8,4,20,0,8961,47750,128,17,8750,192.168.1.158,192.168.1.255
1C-1B-0D-04-CE-0B,FF-FF-FF-FF-FF-FF,8,4,20,0,8961,48006,128,17,8494,192.168.1.158,192.168.1.255
1C-1B-0D-04-CE-0B,FF-FF-FF-FF-FF-FF,8,4,20,0,8961,48262,128,17,8238,192.168.1.158,192.168.1.255
1C-1B-0D-04-CE-0B,FF-FF-FF-FF-FF-FF,8,4,20,0,8961,49030,128,17,7470,192.168.1.158,192.168.1.255
1C-1B-0D-04-CE-0B,FF-FF-FF-FF-FF-FF,8,4,20,0,8961,49286,128,17,7214,192.168.1.158,192.168.1.255
